fip_weight,bullpen_weight,park_scale,prob_shrinkage,season,games,accuracy,log_loss,brier
25,0,0.0,0.14,2025,2430,0.5588477366255145,0.6827676394312225,0.244906654159939
25,0,0.5,0.14,2025,2430,0.5580246913580247,0.6827771485348761,0.24491125258908736
25,0,1.0,0.14,2025,2430,0.5580246913580247,0.6827881089899147,0.24491649386950756
25,5,0.0,0.14,2025,2430,0.5588477366255145,0.6827914671873424,0.24490636797151918
25,5,0.5,0.14,2025,2430,0.5576131687242798,0.6828021634591972,0.24491143740462984
25,5,1.0,0.14,2025,2430,0.5576131687242798,0.6828143079645818,0.24491715133919445
25,10,0.0,0.14,2025,2430,0.5592592592592592,0.682912223104031,0.2449496851079618
25,10,0.5,0.14,2025,2430,0.5592592592592592,0.6829239884897829,0.2449551819703633
25,10,1.0,0.14,2025,2430,0.5592592592592592,0.6829372291685794,0.24496133660911762
25,15,0.0,0.14,2025,2430,0.5617283950617284,0.6831292957118495,0.24503627569255168
25,15,0.5,0.14,2025,2430,0.5621399176954732,0.6831419935977102,0.2450421450381298
25,15,1.0,0.14,2025,2430,0.5621399176954732,0.683156224878042,0.2450486975862799
30,0,0.0,0.14,2025,2430,0.5534979423868313,0.6832022757486809,0.2451068839233427
30,0,0.5,0.14,2025,2430,0.5530864197530864,0.6832118213996903,0.24511157860572425
30,0,1.0,0.14,2025,2430,0.5530864197530864,0.6832233330313603,0.2451171295959287
30,5,0.0,0.14,2025,2430,0.5559670781893004,0.6832280496461035,0.2451069667123669
30,5,0.5,0.14,2025,2430,0.5555555555555556,0.683238766058975,0.245112111325651
30,5,1.0,0.14,2025,2430,0.5551440329218107,0.6832514453180281,0.2451181144880242
30,10,0.0,0.14,2025,2430,0.5576131687242798,0.6833493010433448,0.24514970373938122
30,10,0.5,0.14,2025,2430,0.5563786008230452,0.6833610817202683,0.24515526316568298
30,10,1.0,0.14,2025,2430,0.5555555555555556,0.6833748490161194,0.24516169301236315
25,20,0.0,0.14,2025,2430,0.5654320987654321,0.6834418829360296,0.2451656942619642
25,20,0.5,0.14,2025,2430,0.5662551440329218,0.6834553593426752,0.24517187043162217
25,20,1.0,0.14,2025,2430,0.5662551440329218,0.6834704588311896,0.24517876776606157
30,15,0.0,0.14,2025,2430,0.5596707818930041,0.6835654231641833,0.24523477491392467
30,15,0.5,0.14,2025,2430,0.5596707818930041,0.6835781434677497,0.24524070305040588
30,15,1.0,0.14,2025,2430,0.560082304526749,0.6835929019629147,0.24524752363489705
25,25,0.0,0.14,2025,2430,0.5621399176954732,0.6838489968437583,0.24533738367195668
35,0,0.0,0.14,2025,2430,0.5530864197530864,0.6838530975776398,0.24540407247733487
35,0,0.5,0.14,2025,2430,0.5547325102880658,0.6838622414899278,0.2454086732381534
25,25,0.5,0.14,2025,2430,0.5621399176954732,0.6838630817910825,0.24534379109527954
35,0,1.0,0.14,2025,2430,0.5539094650205761,0.6838738867167977,0.2454143437402713
30,20,0.0,0.14,2025,2430,0.5609053497942387,0.6838756236489565,0.24536174959405543
25,25,1.0,0.14,2025,2430,0.5625514403292181,0.6838789113057295,0.245350970411232
35,5,0.0,0.14,2025,2430,0.5567901234567901,0.6838803039718848,0.24540427555716418
30,20,0.5,0.14,2025,2430,0.5609053497942387,0.683889141884734,0.2453679898752711
35,5,0.5,0.14,2025,2430,0.5563786008230452,0.6838906002437503,0.24540930523873355
35,5,1.0,0.14,2025,2430,0.5567901234567901,0.6839033956814307,0.24541540773979711
30,20,1.0,0.14,2025,2430,0.5604938271604938,0.6839047782855234,0.2453751551980344
35,10,0.0,0.14,2025,2430,0.5596707818930041,0.6840013836852302,0.24544609902937384
35,10,0.5,0.14,2025,2430,0.5592592592592592,0.6840127378925394,0.24545153097868286
35,10,1.0,0.14,2025,2430,0.5596707818930041,0.6840266126282173,0.24545804647489744
35,15,0.0,0.14,2025,2430,0.562962962962963,0.6842157375123081,0.24552923427605902
35,15,0.5,0.14,2025,2430,0.5625514403292181,0.68422803750079,0.24553503121456793
35,15,1.0,0.14,2025,2430,0.5621399176954732,0.6842429038040241,0.24554193059491092
30,25,0.0,0.14,2025,2430,0.5609053497942387,0.6842789292113212,0.24553009027277822
30,25,0.5,0.14,2025,2430,0.5613168724279836,0.684293087874885,0.24553657633025092
30,25,1.0,0.14,2025,2430,0.5609053497942387,0.6843094733747297,0.24554403086858778
25,0,0.0,0.12,2025,2430,0.5588477366255145,0.6843529828205218,0.24561670041303021
25,0,0.5,0.12,2025,2430,0.5580246913580247,0.6843609048666033,0.24562068704414222
25,0,1.0,0.12,2025,2430,0.5580246913580247,0.6843704419857464,0.24562537048375754
25,5,0.0,0.12,2025,2430,0.5588477366255145,0.6843971357096993,0.24562292543509628
25,5,0.5,0.12,2025,2430,0.5576131687242798,0.6844065500812219,0.24562748612867902
25,5,1.0,0.12,2025,2430,0.5576131687242798,0.6844175762828775,0.24563274618103376
35,20,0.0,0.14,2025,2430,0.5592592592592592,0.684522586103489,0.24565326745232138
35,20,0.5,0.14,2025,2430,0.5596707818930041,0.684535702959851,0.2456593818745063
25,10,0.0,0.12,2025,2430,0.5592592592592592,0.6845503833895172,0.24567741758749143
35,20,1.0,0.14,2025,2430,0.5604938271604938,0.6845514569902359,0.2456666262255371
25,10,0.5,0.12,2025,2430,0.5592592592592592,0.6845611543364135,0.2456825028894225
25,10,1.0,0.12,2025,2430,0.5592592592592592,0.6845735682947997,0.24568830291905266
40,0,0.0,0.14,2025,2430,0.5576131687242798,0.6847091826494287,0.24579157805002053
40,0,0.5,0.14,2025,2430,0.557201646090535,0.6847175629204104,0.2457959337352357
40,0,1.0,0.14,2025,2430,0.5567901234567901,0.6847289786105947,0.2458015631155476
40,5,0.0,0.14,2025,2430,0.5576131687242798,0.6847373137660057,0.24579167136450283
40,5,0.5,0.14,2025,2430,0.5576131687242798,0.6847468281836322,0.24579643596386272
40,5,1.0,0.14,2025,2430,0.5567901234567901,0.6847593776782942,0.24580247836616814
25,15,0.0,0.12,2025,2430,0.5617283950617284,0.6848120549633042,0.2457798023030298
25,15,0.5,0.12,2025,2430,0.5621399176954732,0.6848240267692944,0.24578535008657632
25,15,1.0,0.12,2025,2430,0.5621399176954732,0.6848377081230046,0.245791641376476
40,10,0.0,0.14,2025,2430,0.560082304526749,0.6848575763258976,0.2458322808545527
40,10,0.5,0.14,2025,2430,0.5596707818930041,0.6848681427449452,0.24583743588374085
40,10,1.0,0.14,2025,2430,0.5580246913580247,0.684881763954043,0.2458438785452315
35,25,0.0,0.14,2025,2430,0.5588477366255145,0.6849209745097158,0.2458176829416572
30,0,0.0,0.12,2025,2430,0.5534979423868313,0.6849266976546563,0.24587370627626737
30,0,0.5,0.12,2025,2430,0.5530864197530864,0.6849341371466054,0.2458776159018128
35,25,0.5,0.14,2025,2430,0.5584362139917696,0.6849347636910496,0.24582405764515938
30,0,1.0,0.12,2025,2430,0.5530864197530864,0.6849437666810488,0.2458824518062328
35,25,1.0,0.14,2025,2430,0.5588477366255145,0.6849512863520111,0.2458315986748467
30,5,0.0,0.12,2025,2430,0.5559670781893004,0.6849732718956293,0.24588034818422477
30,5,0.5,0.12,2025,2430,0.5555555555555556,0.6849821861149294,0.2458848061139592
30,5,1.0,0.12,2025,2430,0.5551440329218107,0.6849932871842943,0.24589019368071038
40,15,0.0,0.14,2025,2430,0.5592592592592592,0.6850693813600777,0.2459131106301009
40,15,0.5,0.14,2025,2430,0.5596707818930041,0.6850809003012028,0.24591862732343492
40,15,1.0,0.14,2025,2430,0.5596707818930041,0.685095514724443,0.24592544770212652
30,10,0.0,0.12,2025,2430,0.5576131687242798,0.6851273955021033,0.24593420627088533
30,10,0.5,0.12,2025,2430,0.5563786008230452,0.6851376611196335,0.24593917256060666
30,10,1.0,0.12,2025,2430,0.5555555555555556,0.6851501413223554,0.24594508246687752
25,20,0.0,0.12,2025,2430,0.5654320987654321,0.6851812761114237,0.24592957715647132
25,20,0.5,0.12,2025,2430,0.5662551440329218,0.6851942743640463,0.2459355133810129
25,20,1.0,0.12,2025,2430,0.5662551440329218,0.6852090846356979,0.24594223573317084
40,20,0.0,0.14,2025,2430,0.5588477366255145,0.685371965554742,0.24603376511782749
40,20,0.5,0.14,2025,2430,0.5604938271604938,0.6853843210656553,0.24603960471612207
30,15,0.0,0.12,2025,2430,0.5596707818930041,0.6853884012185294,0.2460349167956062
40,20,1.0,0.14,2025,2430,0.560082304526749,0.6853998344182628,0.24604677070618056
30,15,0.5,0.12,2025,2430,0.5596707818930041,0.6853998753596121,0.2460403392665827
30,15,1.0,0.12,2025,2430,0.560082304526749,0.6854136237098838,0.2460467305447806
25,25,0.0,0.12,2025,2430,0.5621399176954732,0.6856569738876773,0.24612611624723094
25,25,0.5,0.12,2025,2430,0.5621399176954732,0.6856708069210236,0.24613235587661228
25,25,1.0,0.12,2025,2430,0.5625514403292181,0.685686590598704,0.24613943835751673
35,0,0.0,0.12,2025,2430,0.5530864197530864,0.685742067525045,0.24623694197201018
35,0,0.5,0.12,2025,2430,0.5547325102880658,0.6857485494445118,0.24624058030941423
30,20,0.0,0.12,2025,2430,0.5609053497942387,0.6857554233377608,0.2461819936861123
35,0,1.0,0.12,2025,2430,0.5539094650205761,0.6857578210967247,0.24624537327626406
45,0,0.0,0.14,2025,2430,0.5584362139917696,0.6857588549633943,0.24626249935174468
40,25,0.0,0.14,2025,2430,0.5584362139917696,0.6857643956651382,0.24619375228007306
45,0,0.5,0.14,2025,2430,0.5592592592592592,0.6857661781579693,0.24626649307325021
30,20,0.5,0.12,2025,2430,0.5609053497942387,0.685767944745283,0.24618780853236003
45,0,1.0,0.14,2025,2430,0.5584362139917696,0.6857770500910629,0.2462719476519174
40,25,0.5,0.14,2025,2430,0.5584362139917696,0.685777456334025,0.24619986644449296
30,20,1.0,0.12,2025,2430,0.5604938271604938,0.6857828325142838,0.24619462904684922
45,5,0.0,0.14,2025,2430,0.5604938271604938,0.6857874176283839,0.24626227695385736
35,5,0.0,0.12,2025,2430,0.5567901234567901,0.6857904974324762,0.24624372039893014
40,25,1.0,0.14,2025,2430,0.5576131687242798,0.6857937593123379,0.24620733670541234
45,5,0.5,0.14,2025,2430,0.5604938271604938,0.6857958582725351,0.24626666084102078
35,5,0.5,0.12,2025,2430,0.5563786008230452,0.6857984337824331,0.24624788150956353
45,5,1.0,0.14,2025,2430,0.5613168724279836,0.6858078497651998,0.2462725108544417
35,5,1.0,0.12,2025,2430,0.5567901234567901,0.6858091579170392,0.24625320168944206
45,10,0.0,0.14,2025,2430,0.5580246913580247,0.6859062481322019,0.24630140974644663
45,10,0.5,0.14,2025,2430,0.5588477366255145,0.6859157363451559,0.24630617303196026
45,10,1.0,0.14,2025,2430,0.560082304526749,0.6859287941066426,0.24631241158238898
35,10,0.0,0.12,2025,2430,0.5596707818930041,0.6859447672557838,0.24629657102395025
35,10,0.5,0.12,2025,2430,0.5592592592592592,0.6859540476397267,0.24630122444314068
35,10,1.0,0.12,2025,2430,0.5596707818930041,0.6859661411503285,0.2463070498143721
45,15,0.0,0.14,2025,2430,0.5584362139917696,0.6861147701686088,0.24637961543887188
45,15,0.5,0.14,2025,2430,0.5580246913580247,0.6861252191178971,0.24638473741202124
45,15,1.0,0.14,2025,2430,0.5588477366255145,0.6861392738328437,0.246391348137487
35,15,0.0,0.12,2025,2430,0.562962962962963,0.6862042163483519,0.24639514282286432
35,15,0.5,0.12,2025,2430,0.5625514403292181,0.6862147112365043,0.24640024625809676
25,0,0.0,0.1,2025,2430,0.5588477366255145,0.6862201679885835,0.24643127402516243
25,0,0.5,0.1,2025,2430,0.5580246913580247,0.6862261513519091,0.24643455756704521
30,25,0.0,0.12,2025,2430,0.5609053497942387,0.6862274024193771,0.24637483268084995
35,15,1.0,0.12,2025,2430,0.5621399176954732,0.6862280728673136,0.24640654355113936
25,0,1.0,0.1,2025,2430,0.5580246913580247,0.6862339333302234,0.24643859379500938
30,25,0.5,0.12,2025,2430,0.5613168724279836,0.6862407927837942,0.24638096522931754
30,25,1.0,0.12,2025,2430,0.5609053497942387,0.6862566744963785,0.24638815229161107
25,5,0.0,0.1,2025,2430,0.5588477366255145,0.6862877740894852,0.24644469732190763
25,5,0.5,0.1,2025,2430,0.5576131687242798,0.686295601813682,0.2464486660786234
25,5,1.0,0.1,2025,2430,0.5576131687242798,0.6863052243749276,0.2464533910568735
45,20,0.0,0.14,2025,2430,0.557201646090535,0.6864122391930918,0.2464965177608625
45,20,0.5,0.14,2025,2430,0.5576131687242798,0.686423545847838,0.24650196795658474
45,20,1.0,0.14,2025,2430,0.5580246913580247,0.6864385127217565,0.24650892516701253
25,10,0.0,0.1,2025,2430,0.5592592592592592,0.6864777808708168,0.2465112874911361
25,10,0.5,0.1,2025,2430,0.5592592592592592,0.6864872980827168,0.2465158857650478
25,10,1.0,0.1,2025,2430,0.5592592592592592,0.6864986455737742,0.24652125786623538
35,20,0.0,0.12,2025,2430,0.5592592592592592,0.6865679910043432,0.24653896828537913
35,20,0.5,0.12,2025,2430,0.5596707818930041,0.6865795527899212,0.24654446808573902
35,20,1.0,0.12,2025,2430,0.5604938271604938,0.6865940638983999,0.24655119314740506
40,0,0.0,0.12,2025,2430,0.5576131687242798,0.686787240159797,0.2466990083061952
25,15,0.0,0.1,2025,2430,0.5617283950617284,0.6867894647291234,0.2466306225000348
40,0,0.5,0.12,2025,2430,0.557201646090535,0.6867923775551293,0.24670222435383615
45,25,0.0,0.14,2025,2430,0.5567901234567901,0.6867977466883962,0.2466516494424728
25,15,0.5,0.1,2025,2430,0.5621399176954732,0.6868004953707146,0.2466357805492548
40,0,1.0,0.12,2025,2430,0.5567901234567901,0.6868009047523599,0.24670681197697927
45,25,0.5,0.14,2025,2430,0.5567901234567901,0.686809792718903,0.24665738795078285
25,15,1.0,0.1,2025,2430,0.5621399176954732,0.6868134319399192,0.24664174476104309
45,25,1.0,0.14,2025,2430,0.5584362139917696,0.6868255721574146,0.24666465687285577
40,5,0.0,0.12,2025,2430,0.5576131687242798,0.6868369639253282,0.24670566395652896
40,5,0.5,0.12,2025,2430,0.5576131687242798,0.6868435350950011,0.24670937847739477
40,5,1.0,0.12,2025,2430,0.5567901234567901,0.6868534963589319,0.24671447030697655
30,0,0.0,0.1,2025,2430,0.5534979423868313,0.686951335904939,0.24674986148550626
30,0,0.5,0.1,2025,2430,0.5530864197530864,0.6869562104155486,0.24675287596237042
30,0,1.0,0.1,2025,2430,0.5530864197530864,0.6869635281507472,0.24675688904688575
50,0,0.0,0.14,2025,2430,0.5567901234567901,0.6869899322424053,0.2468098720513047
40,10,0.0,0.12,2025,2430,0.560082304526749,0.6869906700458213,0.2467571706171166
50,0,0.5,0.14,2025,2430,0.5559670781893004,0.6869959642803417,0.24681341589076147
40,10,0.5,0.12,2025,2430,0.5596707818930041,0.6869985777236317,0.24676136226960022
50,0,1.0,0.14,2025,2430,0.5551440329218107,0.687006020867997,0.24681858550148814
40,10,1.0,0.12,2025,2430,0.5580246913580247,0.6870098993665023,0.24676694328875193
50,5,0.0,0.14,2025,2430,0.557201646090535,0.687018454089785,0.24680915353802435
30,5,0.0,0.1,2025,2430,0.5559670781893004,0.6870219493507208,0.24676375246182058
50,5,0.5,0.14,2025,2430,0.5588477366255145,0.6870255891064504,0.24681307004900843
30,5,0.5,0.1,2025,2430,0.5555555555555556,0.687028651379372,0.2467674213400681
35,25,0.0,0.12,2025,2430,0.5588477366255145,0.6870350490784841,0.24672746730371184
50,5,1.0,0.14,2025,2430,0.5588477366255145,0.6870367536998491,0.24681861880721426
30,5,1.0,0.1,2025,2430,0.5551440329218107,0.687037792870032,0.2467720934054451
35,25,0.5,0.12,2025,2430,0.5584362139917696,0.6870475132950892,0.24673329907591712
35,25,1.0,0.12,2025,2430,0.5588477366255145,0.6870630387639493,0.2467403973661166
50,10,0.0,0.14,2025,2430,0.5592592592592592,0.6871352742455382,0.24684658504420712
50,10,0.5,0.14,2025,2430,0.560082304526749,0.6871434544711709,0.24685087066688366
50,10,1.0,0.14,2025,2430,0.5596707818930041,0.6871556824568497,0.24685679712278835
30,10,0.0,0.1,2025,2430,0.5576131687242798,0.6872133387098806,0.2468296523218496
30,10,0.5,0.1,2025,2430,0.5563786008230452,0.6872217265676785,0.246833930528295
25,20,0.0,0.1,2025,2430,0.5654320987654321,0.6872218880605456,0.24680213957050526
30,10,1.0,0.1,2025,2430,0.5555555555555556,0.6872325856486331,0.246839228162145
25,20,0.5,0.1,2025,2430,0.5662551440329218,0.6872342362045962,0.24680777447459804
40,15,0.0,0.12,2025,2430,0.5592592592592592,0.687247707259305,0.2468531913924361
25,20,1.0,0.1,2025,2430,0.5662551440329218,0.6872486067405891,0.2468142630899998
40,15,0.5,0.12,2025,2430,0.5596707818930041,0.6872568354467136,0.24685782739577344
40,15,1.0,0.12,2025,2430,0.5596707818930041,0.6872694260465473,0.2468638717098967
50,15,0.0,0.14,2025,2430,0.5592592592592592,0.6873398312519984,0.24692189846287307
50,15,0.5,0.14,2025,2430,0.5580246913580247,0.6873489823339923,0.24692654002818362
50,15,1.0,0.14,2025,2430,0.5576131687242798,0.6873622134386115,0.24693283357408055
30,15,0.0,0.1,2025,2430,0.5596707818930041,0.6875247826973581,0.24694715095188552
30,15,0.5,0.1,2025,2430,0.5596707818930041,0.6875346939167924,0.24695197986194398
30,15,1.0,0.1,2025,2430,0.560082304526749,0.687547144663514,0.24695785675725446
40,20,0.0,0.12,2025,2430,0.5588477366255145,0.687607237004609,0.2469932789896802
40,20,0.5,0.12,2025,2430,0.5604938271604938,0.6876174519215279,0.24699831546988998
40,20,1.0,0.12,2025,2430,0.560082304526749,0.6876312030073175,0.2470047865707228
50,20,0.0,0.14,2025,2430,0.5539094650205761,0.6876314017755638,0.2470347375148905
50,20,0.5,0.14,2025,2430,0.5534979423868313,0.6876414334259554,0.24703971234541033
50,20,1.0,0.14,2025,2430,0.5539094650205761,0.6876555921831046,0.24704635328150706
25,25,0.0,0.1,2025,2430,0.5621399176954732,0.6877739039726961,0.24702514006626491
25,25,0.5,0.1,2025,2430,0.5621399176954732,0.687787355308576,0.24703115676887383
25,25,1.0,0.1,2025,2430,0.5625514403292181,0.6878029865391534,0.2470380902372627
35,0,0.0,0.1,2025,2430,0.5530864197530864,0.6879522370297279,0.24718435870894762
30,20,0.0,0.1,2025,2430,0.5609053497942387,0.6879553508332089,0.24711570353292364
35,0,0.5,0.1,2025,2430,0.5547325102880658,0.6879554799874922,0.2471869064101758
35,0,1.0,0.1,2025,2430,0.5539094650205761,0.6879618413885262,0.24719069630879437
30,20,0.5,0.1,2025,2430,0.5609053497942387,0.6879666033834467,0.24712101166870426
30,20,1.0,0.1,2025,2430,0.5604938271604938,0.6879805009781021,0.24712740917683784
50,25,0.0,0.14,2025,2430,0.5559670781893004,0.6880091047081164,0.2471846604877362
50,25,0.5,0.14,2025,2430,0.5559670781893004,0.6880199114916516,0.24718993661338035
35,5,0.0,0.1,2025,2430,0.5567901234567901,0.6880252449978373,0.24719840343715552
35,5,0.5,0.1,2025,2430,0.5563786008230452,0.6880302949545283,0.247201575134991
50,25,1.0,0.14,2025,2430,0.5555555555555556,0.688034907836576,0.24719689631747896
35,5,1.0,0.1,2025,2430,0.5567901234567901,0.6880384610205802,0.2472059949569466
45,0,0.0,0.12,2025,2430,0.5584362139917696,0.6880495514160004,0.24725223915186065
45,0,0.5,0.12,2025,2430,0.5592592592592592,0.6880530361469727,0.2472549193228088
45,0,1.0,0.12,2025,2430,0.5584362139917696,0.6880604891518872,0.2472591687020428
40,25,0.0,0.12,2025,2430,0.5584362139917696,0.6880682379241203,0.2471768793470977
40,25,0.5,0.12,2025,2430,0.5584362139917696,0.6880793891150896,0.24718226182321174
40,25,1.0,0.12,2025,2430,0.5576131687242798,0.6880941759953596,0.24718911297961862
45,5,0.0,0.12,2025,2430,0.5604938271604938,0.6881000199027341,0.24725853955569768
45,5,0.5,0.12,2025,2430,0.5604938271604938,0.6881049188848413,0.2472616953952497
45,5,1.0,0.12,2025,2430,0.5613168724279836,0.6881137894712869,0.24726642760849102
35,10,0.0,0.1,2025,2430,0.5596707818930041,0.6882172311713138,0.24726319738620436
35,10,0.5,0.1,2025,2430,0.5592592592592592,0.6882239601217478,0.24726695855895184
35,10,1.0,0.1,2025,2430,0.5596707818930041,0.6882338345184893,0.2472719830581494
45,10,0.0,0.12,2025,2430,0.5580246913580247,0.6882524811384079,0.2473084075049358
45,10,0.5,0.12,2025,2430,0.5588477366255145,0.6882587102140648,0.2473120262768969
45,10,1.0,0.12,2025,2430,0.560082304526749,0.6882689340691748,0.24731723287810614
25,0,0.0,0.08,2025,2430,0.5588477366255145,0.6883865726147819,0.2473503749963331
25,0,0.5,0.08,2025,2430,0.5580246913580247,0.6883902186411257,0.24735286415779506
25,0,1.0,0.08,2025,2430,0.5580246913580247,0.6883958712264927,0.24735616380326045
25,5,0.0,0.08,2025,2430,0.5588477366255145,0.688481135595169,0.24737168363195136
25,5,0.5,0.08,2025,2430,0.5576131687242798,0.6884870337470557,0.2473749772544649
25,5,1.0,0.08,2025,2430,0.5576131687242798,0.6884949335231545,0.2473790859667119
30,25,0.0,0.1,2025,2430,0.5609053497942387,0.6885039080893582,0.24733463516536897
45,15,0.0,0.12,2025,2430,0.5584362139917696,0.6885062958039925,0.24740152122350437
45,15,0.5,0.12,2025,2430,0.5580246913580247,0.6885137524723113,0.247405579133153
30,25,0.5,0.1,2025,2430,0.5613168724279836,0.6885163017565727,0.2473403390631959
45,15,1.0,0.12,2025,2430,0.5588477366255145,0.6885252479443722,0.24741124115325955
35,15,0.0,0.1,2025,2430,0.562962962962963,0.6885274795526678,0.24737834446654894
30,25,1.0,0.1,2025,2430,0.5609053497942387,0.6885314835085415,0.24734718690028243
35,15,0.5,0.1,2025,2430,0.5625514403292181,0.6885357391136615,0.24738264749793534
35,15,1.0,0.1,2025,2430,0.5621399176954732,0.688547206173016,0.24738823897881285
25,10,0.0,0.08,2025,2430,0.5592592592592592,0.6887126860377228,0.24745129481889452
25,10,0.5,0.08,2025,2430,0.5592592592592592,0.6887206608834234,0.24745533059723826
25,10,1.0,0.08,2025,2430,0.5592592592592592,0.6887306770902785,0.24746020145066855
45,20,0.0,0.12,2025,2430,0.557201646090535,0.6888606433590823,0.24753745480570993
45,20,0.5,0.12,2025,2430,0.5576131687242798,0.6888692076228952,0.2475419172351078
45,20,1.0,0.12,2025,2430,0.5580246913580247,0.6888818763304596,0.24754800535705837
35,20,0.0,0.1,2025,2430,0.5592592592592592,0.6889550701683356,0.24754332027365727
35,20,0.5,0.1,2025,2430,0.5596707818930041,0.6889646926941199,0.24754810499830246
35,20,1.0,0.1,2025,2430,0.5604938271604938,0.6889776182078793,0.24755421374393882
25,15,0.0,0.08,2025,2430,0.5617283950617284,0.6890804588242679,0.24758873628356642
25,15,0.5,0.08,2025,2430,0.5621399176954732,0.6890903128262702,0.24759343642616768
25,15,1.0,0.08,2025,2430,0.5621399176954732,0.68910229362544,0.24759900773998011
40,0,0.0,0.1,2025,2430,0.5576131687242798,0.6892101619513872,0.24772656819138134
40,0,0.5,0.1,2025,2430,0.557201646090535,0.689211351681813,0.24772849916775458
40,0,1.0,0.1,2025,2430,0.5567901234567901,0.6892163388342089,0.24773190245472793
40,5,0.0,0.1,2025,2430,0.5576131687242798,0.6892849529044098,0.2477404764040643
40,5,0.5,0.1,2025,2430,0.5576131687242798,0.6892879278959626,0.24774300244870262
40,5,1.0,0.1,2025,2430,0.5567901234567901,0.6892947006108947,0.24774700830958937
30,0,0.0,0.08,2025,2430,0.5534979423868313,0.6892958037030097,0.24773534955105433
30,0,0.5,0.08,2025,2430,0.5530864197530864,0.6892975857577842,0.24773735878739372
30,0,1.0,0.08,2025,2430,0.5530864197530864,0.6893021006904119,0.24774044131788556
45,25,0.0,0.12,2025,2430,0.5567901234567901,0.6893145264106606,0.24771568158092097
45,25,0.5,0.12,2025,2430,0.5567901234567901,0.6893240617732591,0.2477205034581955
45,25,1.0,0.12,2025,2430,0.5584362139917696,0.6893377893517758,0.2477269783130217
30,5,0.0,0.08,2025,2430,0.5559670781893004,0.6893941001227402,0.24775717954515372
30,5,0.5,0.08,2025,2430,0.5555555555555556,0.6893981212657379,0.24775995700397685
30,5,1.0,0.08,2025,2430,0.5551440329218107,0.6894048701547173,0.24776381366222788
40,10,0.0,0.1,2025,2430,0.560082304526749,0.6894767670798865,0.24780378982337442
40,10,0.5,0.1,2025,2430,0.5596707818930041,0.6894814131958419,0.2478068865447109
40,10,1.0,0.1,2025,2430,0.5580246913580247,0.689489885064534,0.24781147754594574
35,25,0.0,0.1,2025,2430,0.5588477366255145,0.6894988836317557,0.2477574764352121
35,25,0.5,0.1,2025,2430,0.5584362139917696,0.6895096834892884,0.24776267084649073
50,0,0.0,0.12,2025,2430,0.5567901234567901,0.689515775976853,0.24788891575625355
50,0,0.5,0.12,2025,2430,0.5559670781893004,0.6895173680433374,0.24789097762947931
50,0,1.0,0.12,2025,2430,0.5551440329218107,0.6895234661676792,0.2478947811592551
35,25,1.0,0.1,2025,2430,0.5588477366255145,0.6895239156517502,0.24776923569345768
50,5,0.0,0.12,2025,2430,0.557201646090535,0.6895664590314254,0.24789465657354542
50,5,0.5,0.12,2025,2430,0.5588477366255145,0.6895694478410822,0.24789717280401197
50,5,1.0,0.12,2025,2430,0.5588477366255145,0.6895769496648516,0.247901439326573
25,20,0.0,0.08,2025,2430,0.5654320987654321,0.6895834677183778,0.24778338150406692
25,20,0.5,0.08,2025,2430,0.5662551440329218,0.6895949825562782,0.24778865371237843
25,20,1.0,0.08,2025,2430,0.5662551440329218,0.6896087559567323,0.24779484983654748
30,10,0.0,0.08,2025,2430,0.5576131687242798,0.6896277029364465,0.2478360418922749
30,10,0.5,0.08,2025,2430,0.5563786008230452,0.6896338015477791,0.24783953706875061
30,10,1.0,0.08,2025,2430,0.5555555555555556,0.6896426635929653,0.2478441300981669
50,10,0.0,0.12,2025,2430,0.5592592592592592,0.6897170291233112,0.24794263299349184
50,10,0.5,0.12,2025,2430,0.560082304526749,0.6897213434686247,0.24794559887747383
50,10,1.0,0.12,2025,2430,0.5596707818930041,0.6897301939148843,0.24795032604595896
40,15,0.0,0.1,2025,2430,0.5592592592592592,0.6897848965676348,0.24791612796232573
40,15,0.5,0.1,2025,2430,0.5596707818930041,0.6897910796856134,0.24791975831009136
40,15,1.0,0.1,2025,2430,0.5596707818930041,0.6898011453748618,0.24792490498338524
50,15,0.0,0.12,2025,2430,0.5592592592592592,0.6899668612155058,0.2480325390372975
50,15,0.5,0.12,2025,2430,0.5580246913580247,0.6899724119222317,0.24803593918760497
50,15,1.0,0.12,2025,2430,0.5576131687242798,0.6899825389509825,0.24804111447609523
30,15,0.0,0.08,2025,2430,0.5596707818930041,0.6899958478251099,0.24797147738276257
30,15,0.5,0.08,2025,2430,0.5596707818930041,0.6900038405543355,0.2479756248364923
30,15,1.0,0.08,2025,2430,0.560082304526749,0.6900146742865996,0.24798090227231934
40,20,0.0,0.1,2025,2430,0.5588477366255145,0.6902084350651635,0.24807698867776365
40,20,0.5,0.1,2025,2430,0.5604938271604938,0.690216002094244,0.24808110335144393
25,25,0.0,0.08,2025,2430,0.5621399176954732,0.6902205098456812,0.24803445512905928
40,20,1.0,0.1,2025,2430,0.560082304526749,0.6902275380690128,0.24808676451044395
25,25,0.5,0.08,2025,2430,0.5621399176954732,0.6902334479015719,0.24804019377206357
25,25,1.0,0.08,2025,2430,0.5625514403292181,0.6902488228387984,0.24804692605047082
50,20,0.0,0.12,2025,2430,0.5539094650205761,0.6903151553974222,0.2481639709818407
50,20,0.5,0.12,2025,2430,0.5534979423868313,0.6903218360693723,0.24816777946392177
50,20,1.0,0.12,2025,2430,0.5539094650205761,0.6903331512118003,0.2481733802631412
30,20,0.0,0.08,2025,2430,0.5609053497942387,0.6904975538653141,0.24816287913448895
35,0,0.5,0.08,2025,2430,0.5547325102880658,0.690505241086867,0.24824765154043696
35,0,0.0,0.08,2025,2430,0.5530864197530864,0.6905059098561416,0.2482463226881475
30,20,0.5,0.08,2025,2430,0.5609053497942387,0.6905072368617445,0.24816759928430057
35,0,1.0,0.08,2025,2430,0.5539094650205761,0.6905080708227459,0.24825031283785862
30,20,1.0,0.08,2025,2430,0.5604938271604938,0.6905198810021926,0.24817349558799942
35,5,0.0,0.08,2025,2430,0.5567901234567901,0.6906072887990963,0.24826832467184112
35,5,0.5,0.08,2025,2430,0.5563786008230452,0.6906088411237218,0.24827038611501562
35,5,1.0,0.08,2025,2430,0.5567901234567901,0.6906138882823775,0.24827378754230983
45,0,0.5,0.1,2025,2430,0.5592592592592592,0.6907103383868007,0.2483692238145821
45,0,0.0,0.1,2025,2430,0.5584362139917696,0.6907115327697726,0.2483680188177669
45,0,1.0,0.1,2025,2430,0.5584362139917696,0.69071359956987,0.24837210923316333
40,25,0.0,0.1,2025,2430,0.5584362139917696,0.6907462823402047,0.24828575223240695
40,25,0.5,0.1,2025,2430,0.5584362139917696,0.6907550623927943,0.24829029024504315
50,25,0.0,0.12,2025,2430,0.5559670781893004,0.6907609411038409,0.24833643045742057
40,25,1.0,0.1,2025,2430,0.5576131687242798,0.6907679277824181,0.24829641344230813
50,25,0.5,0.12,2025,2430,0.5559670781893004,0.6907686290118616,0.24834061105328883
50,25,1.0,0.12,2025,2430,0.5555555555555556,0.6907810280364393,0.2483466048818223
45,5,0.0,0.1,2025,2430,0.5604938271604938,0.6907875051292187,0.24838152993461005
45,5,0.5,0.1,2025,2430,0.5604938271604938,0.6907880746951416,0.24838330282161458
45,5,1.0,0.1,2025,2430,0.5613168724279836,0.690793103754353,0.24838676536089319
35,10,0.0,0.08,2025,2430,0.5596707818930041,0.6908421138170903,0.24834597811613787
35,10,0.5,0.08,2025,2430,0.5592592592592592,0.6908457399072221,0.24834873332611818
35,10,1.0,0.08,2025,2430,0.5596707818930041,0.6908528939553626,0.24835284620622744
25,0,0.0,0.06,2025,2430,0.5588477366255145,0.6908732244283962,0.24837400332654264
25,0,0.5,0.06,2025,2430,0.5580246913580247,0.6908740753385884,0.2483756068163926
25,0,1.0,0.06,2025,2430,0.5580246913580247,0.6908771714051729,0.24837808050851123
45,10,0.0,0.1,2025,2430,0.5580246913580247,0.6909784042679931,0.24844303421024724
45,10,0.5,0.1,2025,2430,0.5588477366255145,0.6909806374803761,0.24844536013807395
45,10,1.0,0.1,2025,2430,0.560082304526749,0.6909873578607837,0.2484493896810784
25,5,0.0,0.06,2025,2430,0.5588477366255145,0.6909987183567745,0.24840388436522856
25,5,0.5,0.06,2025,2430,0.5576131687242798,0.6910022969041644,0.24840641965620233
25,5,1.0,0.06,2025,2430,0.5576131687242798,0.6910081135788055,0.24840983091054938
30,25,0.0,0.08,2025,2430,0.5609053497942387,0.6911316279557251,0.24840949772633558
30,25,0.5,0.08,2025,2430,0.5613168724279836,0.6911427782568652,0.24841469783188755
30,25,1.0,0.08,2025,2430,0.5609053497942387,0.6911570527246383,0.24842113469460173
35,15,0.0,0.08,2025,2430,0.562962962962963,0.6912096242523306,0.24847883920711442
35,15,0.5,0.08,2025,2430,0.5625514403292181,0.6912151554214482,0.24848223493408336
35,15,1.0,0.08,2025,2430,0.5621399176954732,0.6912242855558787,0.24848701687793304
25,10,0.0,0.06,2025,2430,0.5592592592592592,0.691277245518926,0.24849743957076822
25,10,0.5,0.06,2025,2430,0.5592592592592592,0.6912833542870768,0.2485008373859949
45,15,0.0,0.1,2025,2430,0.5584362139917696,0.6912835329716762,0.2485521678776351
45,15,0.5,0.1,2025,2430,0.5580246913580247,0.6912873099258566,0.24855501976404273
25,10,1.0,0.06,2025,2430,0.5592592592592592,0.6912917450780538,0.24850513367235236
45,15,1.0,0.1,2025,2430,0.5588477366255145,0.691295626540949,0.2485595945558515
45,20,0.0,0.1,2025,2430,0.557201646090535,0.6917020015374682,0.24870845237129505
45,20,0.5,0.1,2025,2430,0.5576131687242798,0.6917071836470673,0.24871179118647854
25,15,0.0,0.06,2025,2430,0.5617283950617284,0.6917080167862868,0.2486541436536249
35,20,0.0,0.08,2025,2430,0.5592592592592592,0.691708847747474,0.2486663234171563
35,20,0.5,0.08,2025,2430,0.5596707818930041,0.6917160950898333,0.24867029261219817
25,15,0.5,0.06,2025,2430,0.5621399176954732,0.6917164357934226,0.24865831771731284
45,20,1.0,0.1,2025,2430,0.5580246913580247,0.6917169835318213,0.24871687805151085
35,20,1.0,0.08,2025,2430,0.5604938271604938,0.691727051031104,0.2486756880151401
25,15,1.0,0.06,2025,2430,0.5621399176954732,0.6917272326918312,0.2486634303132864
30,0,0.5,0.06,2025,2430,0.5530864197530864,0.6919820608000066,0.24883106437688443
30,0,1.0,0.06,2025,2430,0.5530864197530864,0.691983204179396,0.248833108619235
30,0,0.0,0.06,2025,2430,0.5534979423868313,0.6919839866583883,0.24883017047291503
40,0,0.5,0.08,2025,2430,0.557201646090535,0.6919998623003967,0.24887475817699298
40,0,1.0,0.08,2025,2430,0.5567901234567901,0.6920005448356963,0.24887683454879492
40,0,0.0,0.08,2025,2430,0.5576131687242798,0.6920034538706041,0.24887425770558042
40,5,0.5,0.08,2025,2430,0.5576131687242798,0.692105871765386,0.24889730787778602
40,5,0.0,0.08,2025,2430,0.5576131687242798,0.6921072626869136,0.2488961087071078
40,5,1.0,0.08,2025,2430,0.5567901234567901,0.6921087541934168,0.24890009237400437
30,5,0.0,0.06,2025,2430,0.5559670781893004,0.6921141197282711,0.24886062943422463
30,5,0.5,0.06,2025,2430,0.5555555555555556,0.6921149170506831,0.24886241310568766
30,5,1.0,0.06,2025,2430,0.5551440329218107,0.692118775868385,0.24886535445106064
45,25,0.0,0.1,2025,2430,0.5567901234567901,0.692232732120422,0.2489112980997754
45,25,0.5,0.1,2025,2430,0.5567901234567901,0.6922391631874942,0.2489150733000091
45,25,1.0,0.1,2025,2430,0.5584362139917696,0.6922503162896855,0.24892062799324785
25,20,0.0,0.06,2025,2430,0.5654320987654321,0.6922900200290932,0.24887330295715568
25,20,0.5,0.06,2025,2430,0.5662551440329218,0.6923005080134803,0.24887815109435496
25,20,1.0,0.06,2025,2430,0.5662551440329218,0.6923135223716219,0.24888399597281324
35,25,0.0,0.08,2025,2430,0.5588477366255145,0.6923386046025121,0.2489077103361591
40,10,0.0,0.08,2025,2430,0.560082304526749,0.6923424930439571,0.24897213847332614
40,10,0.5,0.08,2025,2430,0.5596707818930041,0.6923431699001072,0.24897400870906958
35,25,0.5,0.08,2025,2430,0.5584362139917696,0.692347360285858,0.24891217295687992
40,10,1.0,0.08,2025,2430,0.5580246913580247,0.692348152012974,0.24897748131681352
35,25,1.0,0.08,2025,2430,0.5588477366255145,0.6923599732159216,0.24891811365687022
30,10,0.0,0.06,2025,2430,0.5576131687242798,0.6923955825184214,0.24895337498215975
30,10,0.5,0.06,2025,2430,0.5563786008230452,0.6923989198646615,0.24895599218197156
30,10,1.0,0.06,2025,2430,0.5555555555555556,0.6924053579510913,0.24895978827494222
50,0,0.5,0.1,2025,2430,0.5559670781893004,0.6924383217075823,0.24910060191443223
50,0,1.0,0.1,2025,2430,0.5551440329218107,0.6924395622551452,0.24910286533362147
50,0,0.0,0.1,2025,2430,0.5567901234567901,0.692442152271253,0.2491001987280907
50,5,0.5,0.1,2025,2430,0.5588477366255145,0.6925166342361311,0.249114028655747
50,5,0.0,0.1,2025,2430,0.557201646090535,0.6925187206756424,0.2491130830073196
50,5,1.0,0.1,2025,2430,0.5588477366255145,0.6925196272161709,0.24911684552161137
50,10,0.5,0.1,2025,2430,0.560082304526749,0.6927075647177814,0.2491739775975589
50,10,0.0,0.1,2025,2430,0.5592592592592592,0.6927079936707515,0.24917249543425635
40,15,0.0,0.08,2025,2430,0.5592592592592592,0.6927083906584491,0.24910192033977085
40,15,0.5,0.08,2025,2430,0.5596707818930041,0.6927109814308992,0.24910442006639028
50,10,1.0,0.1,2025,2430,0.5596707818930041,0.6927122432644264,0.24917734458020682
40,15,1.0,0.08,2025,2430,0.5596707818930041,0.6927179431375853,0.24910854752259023
30,15,0.0,0.06,2025,2430,0.5596707818930041,0.6928275851649813,0.24910789608823872
30,15,0.5,0.06,2025,2430,0.5596707818930041,0.6928332571417444,0.24911127419022547
30,15,1.0,0.06,2025,2430,0.560082304526749,0.6928421171731672,0.24911586708997388
50,15,0.0,0.1,2025,2430,0.5592592592592592,0.6930092871553757,0.24927808973965687
50,15,0.5,0.1,2025,2430,0.5580246913580247,0.6930104098225804,0.24928009065604123
50,15,1.0,0.1,2025,2430,0.5576131687242798,0.6930166889145803,0.24928399317145705
25,25,0.0,0.06,2025,2430,0.5621399176954732,0.6930220242228317,0.24915406143561392
25,25,0.5,0.06,2025,2430,0.5621399176954732,0.693034320077507,0.24915946688618154
25,25,1.0,0.06,2025,2430,0.5625514403292181,0.6930493436283859,0.24916594579714005
40,20,0.0,0.08,2025,2430,0.5588477366255145,0.693203994801362,0.2492848941820774
40,20,0.5,0.08,2025,2430,0.5604938271604938,0.6932083256879938,0.2492879683607871
40,20,1.0,0.08,2025,2430,0.560082304526749,0.6932171277444743,0.24929270452534322
30,20,0.0,0.06,2025,2430,0.5609053497942387,0.6934091189048238,0.24932352049080783
30,20,0.5,0.06,2025,2430,0.5609053497942387,0.6934168990827639,0.24932757137915107
50,20,0.0,0.1,2025,2430,0.5539094650205761,0.6934217307209354,0.24942941184580983
35,0,1.0,0.06,2025,2430,0.5539094650205761,0.6934236296206547,0.2494242228634597
50,20,0.5,0.1,2025,2430,0.5534979423868313,0.6934242807384935,0.2494319021133564
35,0,0.5,0.06,2025,2430,0.5547325102880658,0.6934250625050555,0.24942281570019875
30,20,1.0,0.06,2025,2430,0.5604938271604938,0.6934280033982728,0.2493328882803339
35,0,0.0,0.06,2025,2430,0.5530864197530864,0.6934304410312787,0.24942283390960956
50,20,1.0,0.1,2025,2430,0.5539094650205761,0.693432057783911,0.24943631445172232
35,5,0.5,0.06,2025,2430,0.5563786008230452,0.6935618730267652,0.2494543144496387
35,5,1.0,0.06,2025,2430,0.5567901234567901,0.6935631458183872,0.24945657944553168
35,5,0.0,0.06,2025,2430,0.5567901234567901,0.6935645393338141,0.2494534841029863
45,0,1.0,0.08,2025,2430,0.5584362139917696,0.6937653480441134,0.2496107692452807
45,0,0.5,0.08,2025,2430,0.5592592592592592,0.6937671977891413,0.24960940654857125
45,0,0.0,0.08,2025,2430,0.5584362139917696,0.6937740798906229,0.24960983834946565
40,25,0.0,0.08,2025,2430,0.5584362139917696,0.6938281425708668,0.2495203709359979
40,25,0.5,0.08,2025,2430,0.5584362139917696,0.69383402102795,0.2495239517099889
40,25,1.0,0.08,2025,2430,0.5576131687242798,0.6938445059067356,0.24952923809347774
35,10,0.5,0.06,2025,2430,0.5592592592592592,0.6938479599316245,0.24954654874463836
35,10,0.0,0.06,2025,2430,0.5596707818930041,0.6938480824658154,0.24954491321374928
35,10,1.0,0.06,2025,2430,0.5596707818930041,0.6938518128160437,0.24954963925860865
45,5,0.5,0.08,2025,2430,0.5604938271604938,0.6938749699131388,0.24963148312011474
45,5,1.0,0.08,2025,2430,0.5613168724279836,0.6938753030613174,0.2496335241116489
45,5,0.0,0.08,2025,2430,0.5604938271604938,0.6938796725127918,0.2496312480905942
50,25,0.0,0.1,2025,2430,0.5559670781893004,0.6939442718665527,0.24962590334503798
50,25,0.5,0.1,2025,2430,0.5559670781893004,0.6939481075309922,0.2496288422376703
50,25,1.0,0.1,2025,2430,0.5555555555555556,0.6939572630848765,0.2496337278195042
45,10,0.5,0.08,2025,2430,0.5588477366255145,0.6941118715150889,0.24970617461548741
45,10,1.0,0.08,2025,2430,0.560082304526749,0.6941142975659756,0.2497088819913053
45,10,0.0,0.08,2025,2430,0.5580246913580247,0.6941145130789373,0.2497052898623784
30,25,0.0,0.06,2025,2430,0.5609053497942387,0.6941389601345476,0.24959942036374957
30,25,0.5,0.06,2025,2430,0.5613168724279836,0.6941486023943236,0.24960404153539148
30,25,1.0,0.06,2025,2430,0.5609053497942387,0.6941617539500117,0.24960999567456987
35,15,0.0,0.06,2025,2430,0.562962962962963,0.6942802824646889,0.24969662704455808
35,15,0.5,0.06,2025,2430,0.5625514403292181,0.6942825133486867,0.24969900856654068
35,15,1.0,0.06,2025,2430,0.5621399176954732,0.6942887999433557,0.24970287724849757
45,15,0.5,0.08,2025,2430,0.5580246913580247,0.6944771366069766,0.24983305930468688
45,15,0.0,0.08,2025,2430,0.5584362139917696,0.6944778562286669,0.24983155540126611
45,15,1.0,0.08,2025,2430,0.5588477366255145,0.6944815460616496,0.24983640834526535
35,20,0.0,0.06,2025,2430,0.5592592592592592,0.6948601369219419,0.24990797771587717
35,20,0.5,0.06,2025,2430,0.5596707818930041,0.6948645100784216,0.24991103092742456
35,20,1.0,0.06,2025,2430,0.5604938271604938,0.6948730639589009,0.24991561596100892
45,20,0.0,0.08,2025,2430,0.557201646090535,0.6949687557200914,0.2500095104576205
45,20,0.5,0.08,2025,2430,0.5576131687242798,0.6949697992818016,0.2500115898106963
45,20,1.0,0.08,2025,2430,0.5580246913580247,0.694976063801485,0.25001554325037223
40,0,1.0,0.06,2025,2430,0.5567901234567901,0.6951847246762705,0.25014160825917825
40,0,0.5,0.06,2025,2430,0.557201646090535,0.6951892603833361,0.25014100138155076
40,0,0.0,0.06,2025,2430,0.5576131687242798,0.6951986389281696,0.25014207684879125
40,5,1.0,0.06,2025,2430,0.5567901234567901,0.695327500329799,0.25017372250022324
40,5,0.5,0.06,2025,2430,0.5576131687242798,0.6953293424599802,0.2501722947646462
40,5,0.0,0.06,2025,2430,0.5576131687242798,0.6953360238153038,0.2501725608656592
45,25,0.0,0.08,2025,2430,0.5567901234567901,0.6955860686054108,0.25023849899903633
35,25,0.0,0.06,2025,2430,0.5588477366255145,0.6955864329821052,0.2501781690065534
45,25,0.5,0.08,2025,2430,0.5567901234567901,0.6955886980342469,0.2502410974762247
35,25,0.5,0.06,2025,2430,0.5584362139917696,0.6955927177338334,0.2501818054070848
45,25,1.0,0.08,2025,2430,0.5584362139917696,0.6955966712437365,0.25024560591353284
35,25,1.0,0.06,2025,2430,0.5588477366255145,0.6956033533247977,0.25018703125635106
40,10,0.5,0.06,2025,2430,0.5596707818930041,0.6956166635091983,0.25026272876268063
40,10,1.0,0.06,2025,2430,0.5580246913580247,0.6956173999754787,0.2502649546013547
40,10,0.0,0.06,2025,2430,0.560082304526749,0.6956208012693027,0.2502622165669719
50,0,1.0,0.08,2025,2430,0.5551440329218107,0.6957876062127811,0.2504428380245854
50,0,0.5,0.08,2025,2430,0.5559670781893004,0.6957923064983397,0.25044228874561986
50,0,0.0,0.08,2025,2430,0.5567901234567901,0.6958027553446252,0.2504437209668147
50,5,1.0,0.08,2025,2430,0.5588477366255145,0.6958986754011596,0.25046483739232933
50,5,0.5,0.08,2025,2430,0.5588477366255145,0.6959012082943806,0.25046363760421464
50,5,0.0,0.08,2025,2430,0.557201646090535,0.6959094982679127,0.25046443283934705
40,15,0.5,0.06,2025,2430,0.5596707818930041,0.6960504183870323,0.2504118126646697
40,15,0.0,0.06,2025,2430,0.5592592592592592,0.6960521877282844,0.2504105685247711
40,15,1.0,0.06,2025,2430,0.5596707818930041,0.6960535980159686,0.2504147993275133
50,10,1.0,0.08,2025,2430,0.5596707818930041,0.696136500709044,0.25053785272553225
50,10,0.5,0.08,2025,2430,0.560082304526749,0.6961369461838445,0.2505360068271398
50,10,0.0,0.08,2025,2430,0.5592592592592592,0.6961431815329235,0.25053617236649794
50,15,0.5,0.08,2025,2430,0.5580246913580247,0.6964987658465592,0.2506589944334909
50,15,1.0,0.08,2025,2430,0.5576131687242798,0.6965003086702616,0.25066146966016445
50,15,0.0,0.08,2025,2430,0.5592592592592592,0.6965030710904744,0.2506585505699489
40,20,0.0,0.06,2025,2430,0.5588477366255145,0.6966291899537007,0.25061699550262256
40,20,0.5,0.06,2025,2430,0.5604938271604938,0.6966295933101854,0.25061891049791624
40,20,1.0,0.06,2025,2430,0.560082304526749,0.6966350609153722,0.2506226066154223
50,20,0.5,0.08,2025,2430,0.5534979423868313,0.696985718795766,0.25083208029371346
50,20,0.0,0.08,2025,2430,0.5539094650205761,0.6969882378477511,0.25083106010679707
50,20,1.0,0.08,2025,2430,0.5539094650205761,0.6969891322606245,0.25083515584725025
45,0,1.0,0.06,2025,2430,0.5584362139917696,0.6972517945947707,0.250975148738393
45,0,0.5,0.06,2025,2430,0.5592592592592592,0.697259871236362,0.25097546752477595
45,0,0.0,0.06,2025,2430,0.5584362139917696,0.6972736787910779,0.25097769774695594
40,25,0.0,0.06,2025,2430,0.5584362139917696,0.697350608957958,0.2508807354578717
40,25,0.5,0.06,2025,2430,0.5584362139917696,0.6973529699223486,0.2508832462180482
40,25,1.0,0.06,2025,2430,0.5576131687242798,0.6973605513954712,0.25088758693312935
45,5,1.0,0.06,2025,2430,0.5613168724279836,0.6973971508957636,0.2510067038607583
45,5,0.5,0.06,2025,2430,0.5604938271604938,0.6974025468527609,0.25100623629074964
45,5,0.0,0.06,2025,2430,0.5604938271604938,0.6974136745636249,0.2510076940236489
50,25,0.5,0.08,2025,2430,0.5559670781893004,0.6975966665840312,0.2510546301665269
50,25,0.0,0.08,2025,2430,0.5559670781893004,0.6975975617335474,0.2510530791505893
50,25,1.0,0.08,2025,2430,0.5555555555555556,0.697601815234085,0.25105826513052304
45,10,1.0,0.06,2025,2430,0.560082304526749,0.697687450835116,0.25109570980878704
45,10,0.5,0.06,2025,2430,0.5588477366255145,0.6976902706358947,0.2510944697091421
45,10,0.0,0.06,2025,2430,0.5580246913580247,0.6976988573202495,0.25109517446133134
45,15,1.0,0.06,2025,2430,0.5588477366255145,0.6981218762328116,0.2512416825215004
45,15,0.5,0.06,2025,2430,0.5580246913580247,0.6981222445209279,0.2512396977550889
45,15,0.0,0.06,2025,2430,0.5584362139917696,0.6981284502530964,0.25123968379439904
45,20,0.5,0.06,2025,2430,0.5576131687242798,0.6986974667799175,0.25144131310775997
45,20,1.0,0.06,2025,2430,0.5580246913580247,0.6986994058926654,0.2514440009536419
45,20,0.0,0.06,2025,2430,0.557201646090535,0.6987014719308765,0.25144062906468506
45,25,0.5,0.06,2025,2430,0.5567901234567901,0.6994147360029392,0.25169857598684037
45,25,0.0,0.06,2025,2430,0.5567901234567901,0.6994167401449018,0.2516972842787054
45,25,1.0,0.06,2025,2430,0.5584362139917696,0.6994188197097065,0.25170191207387643
50,0,1.0,0.06,2025,2430,0.5551440329218107,0.6996093968674901,0.2519146992321481
50,0,0.5,0.06,2025,2430,0.5559670781893004,0.6996213744820272,0.2519160381230425
50,0,0.0,0.06,2025,2430,0.5567901234567901,0.6996399342747026,0.2519194824724269
50,5,1.0,0.06,2025,2430,0.5588477366255145,0.6997566657246468,0.25194541493872774
50,5,0.5,0.06,2025,2430,0.5588477366255145,0.6997659752913833,0.2519459996494124
50,5,0.0,0.06,2025,2430,0.557201646090535,0.6997818736058015,0.25194870606962794
50,10,1.0,0.06,2025,2430,0.5596707818930041,0.7000465580092942,0.25203185048193577
50,10,0.5,0.06,2025,2430,0.560082304526749,0.7000532938499321,0.2520316865662158
50,10,0.0,0.06,2025,2430,0.5592592592592592,0.7000666549365736,0.25203366379022035
50,15,1.0,0.06,2025,2430,0.5576131687242798,0.7004782651683006,0.25217354394221786
50,15,0.5,0.06,2025,2430,0.5580246913580247,0.7004825413888729,0.2521726505199551
50,15,0.0,0.06,2025,2430,0.5592592592592592,0.700493510431826,0.25217392152817664
50,20,1.0,0.06,2025,2430,0.5539094650205761,0.70105078081363,0.2523699044497251
50,20,0.5,0.06,2025,2430,0.5534979423868313,0.7010527307090735,0.2523683140049927
50,20,0.0,0.06,2025,2430,0.5539094650205761,0.701061472940352,0.25236891576480325
50,25,0.5,0.06,2025,2430,0.5559670781893004,0.7017626800668643,0.25261797483985643
50,25,1.0,0.06,2025,2430,0.5555555555555556,0.7017629047307212,0.25262021681487934
50,25,0.0,0.06,2025,2430,0.5559670781893004,0.7017693797491776,0.2526179578740729
